{
  "Author": "Atomoxide",
  "Name": "Hitbox Extend",
  "InternalName": "TestPlugin",
  "AssemblyVersion": "1.0.0.1",
  "Description": "Extend the target hitbox by 3 yards (farthest allowed before your attack actions get invalidated by the server)",
  "ApplicableVersion": "any",
  "Tags": [
    "cheat",
    "plugin",
    "combat"
  ],
  "DalamudApiLevel": 11,
  "LoadRequiredState": 0,
  "LoadSync": false,
  "CanUnloadAsync": false,
  "LoadPriority": 0,
  "Punchline": "Bigger Hitbox!",
  "AcceptsFeedback": true
}